id,data
0,"No podemos dejar de hacer sonar el caso, hay que darle seguimiento y fama que es de la única forma que la justicia le resuelve al pobre, no dejar de hablar del caso por favor."
1,"Y según la empresa, las cámaras del entorno donde fue encontrada no funcionaban. Ojalá y este caso no se quede sin justicia como muchos otros en este país. 💔"
2,"😢Dios mio, como apagaron el sueño de esa joven,😢"
3,A ley de 4 meses paulita para graduarnos y mira lo que te me hicieron.💔
4,Que raro que no se han filtrado fotos del acosador y que las cámaras de la empresa dique estaban apagadas. Orita fue un jefecito el que la mató
5,Le cortaron las alas de la forma más cruel 😢
6,Si la familia de ESA muchacha tiene dinero se resuelve de una vez ya lo saben pero si no tienen la población debe meter presión para que se resuelva si no no se resuelve
7,La pregunta mía es donde está el compañero que la acosaba porque tiene que estar preso tienen que buscar lo porque tanto que públican que si ella esto y aquellos hee este país solo se vive de eso las cosas pasan en un instante y eso es noticia y noticias y luego pasan los dos y se olvidan del asunto caramba están dormidos en este país ufff
8,Por qué no suben foto del acosador? Por qué la empresa no entrega las cámaras
9,"Que casualidad que las cámaras no funcionaban, tengo entendido que él seguridad estuvo un tiempo preso, ósea que en esa zona franca, los empleados no saben si trabajan con asesinos, y no depuran a las personas con antescedentes penales? Por que no tomaron en cuenta cuando ella fue a recursos humanos a decir que la estaban acosando? Quien la encontró? Como sabían que estaba en esa alcantarilla? Donde estaban los demás seguridad? Para ayudarla."
10,"Pobre muchacha, qué pena me da este caso.😢"
11,Esa empresa debe ser investigada y el departamento de recursos humanos tiene la queja de quien fue el agresor
12,Que pena😪 ahí debe de estar preso hasta el seguridad hasta que todo se aclare y se haga justicia!
13,Pobrecita quería volar alto y no la dejaron💔
14,"Ay Dios, esa noticia me ha caído tan mal. 😞"
15,Yo siento que el que la acoso tiene gente con dinero que le han resuelto porque es demasiada coincidencia de que las cámaras no funcionen y de que la empresa no haya denunciado con nombre y apellido al principal sospecho de su muerte nosé ahí hay algo raro
16,Dios que impotencia 😭😭😭
17,"Pobre chica, cuanta pena me ha dado este caso"
18,😭😭😭😭😭😭😭😭😭😭😭😭😭😭😭😭😭😭😭😭😭😭😭😭😭😭😭😭😭😭😭 ELLOS le robaron su sueño 😡😡😡😡
19,Pero no dicen quien era el compañero se supone que si lo reporto a Recursos Humanos alguien debe tener el nombre de el
20,"Cosa de vida, estar muerto para darle el tiempo, oportunidad y ayudar en su vida"
21,Queremos justicia para esa joven trabajadora murió en su trabajo no es justo que no aparezca la cámara 🎥
22,Diantre pobre muchacha no pudo realizar sus sueños 😢😔por unos azarosos…
23,"Debe haber muchas mujeres pasando por esa misma situación por miedo a perder su trabajo es muy triste y lamentable que estén pasando casos frente a la vista de todos y que nadie haga nada para proteger tú integridad aquí en este país cuando ella ya lo había puesto sobre aviso,no imagino lo que pasó ella para salvarse y no poner atención y en conocimiento lo sucedido, muy lamentable paz a su alma y fortaleza para toda su familia. Esperamos todo el peso de la ley"
24,Y vinieron y esos hijos de y decidieron que ella no podía cumplirlo 😭😭😭😭 papá Dios líbrame padre
25,Esa tarjedia me tiene aterrada
26,Qué pena Dios mío toma el control de ese caso porque los pobres no tenemos justicia en este país sólo los ricos tiene justicia una joven trabajadora y casi profesional Dios que dolor tiene el pueblo dominicano a mirar esta noticia tan fuerte 😢😢😢
27,"Muy triste, me duele que las pocas personas que deciden salir adelante de manera correcta le arrebaten la vida, ojalá y den con los responsables, lastima que en este país la pena maxima es de 30 años 😢😢"
28,"Quien la encontró en la alcantarilla , eso está sospechoso"
29,Eso tiene que ser un jefecito que se aprovechó de su cargo para acabar con la vida de esa joven 😢 que pena e impotencia dan esas cosas rápenos que el responsable pague por lo que hizo para que el pueblo no tenga que hacer justicia
30,Dios mio ten misericordia de tu pueblo
31,Ay ombe pobre joven espero se sepa algo y no se quede en el aire es muy triste que nadie pague por esto 😢😢😢
32,"La empresa es la principal culpable de este caso, porque no hicieron nada cuando ella denuncio el acoso del estardarte aquel y mira a lo que llegó.."
33,Pibrecita se ve una jovencita muy humilde y con grandes metas Como ese desamprensivo le hizo dano a ella y su famila
34,"No fue en las afueras, fue en loa adentros y en horas dentro de su horario de trabajo. @sisalrilrd que investigue eso y @mtrabajord"
35,"Ahi hay algo más, pobre muchacha"
36,Muertes así yo nunca ni las voy digerir ni tampoco las voy a entender....
37,"Pero ni el nombre del acosador se sabe, no se dice nada del santo, no muestran su rostro nada ...."
38,Y cuando será que van a dar el nombre de ese fat..!!! ni que fuera tan difícil
39,Deben investigar a los empleados...a todos los compañeros de trabajo....alguien debe saber quien cometió esa monstruosidad
40,Cada día confío menos en la gente.
41,"Señor presidente, Tolentino; Vamos hay que buscar los culpables"
42,"Sólo tengo que decir Dios me libre, porque yo cómo madre mi hija me dice que hay alguien que la está asediando de mala manera, salgo en casería 👿"
43,Esperemos que al culpable lo lleven a la plaza de la bandera para hacer un ejemplo con ese
44,Quien se le llevo la vida debe pagar con la suya misma ....
45,"No se ha dicho ni papa del acosador, el mismo que ella denunció y nadie le hizo caso, ahora van hacer un show con su muerte y nadie dirá nada del acosador, de ¿Quién diablos es? ... 😒"
46,Si las cámaras no funcionaban vayan y hagan que nada funcione..Se supone estuviera protegida en ese lugar
47,Avece la vida es un poco injusta 😢😢😢😢
48,Esto da una impotencia 😢
49,Dios mio pobre chica dios nos libre nuestros hijos
50,Que se haga justicia😢🥺💔
51,Aqui nadie sales a defender este caso.
52,Que tristeza.
53,💔💔💔
54,😢
55,😢💔
56,Que pena cuanta maldad en este mundo
57,💔
58,😢😢😢
59,Que triste y de qué manera Joven con presente y futuro mejor😢😢😢😢😢😢
60,😢😢😢😢😢😢😢
61,Felicity 😄
62,🌹trouble
63,😢🥺🥺
64,Hay jesucristo😢
65,Eso suele pasar mucho y nadie ase nada cuando está acosando a una persona no tenemos apoyo aquí solo ve la cosa cuando pasa
66,😢😢😢😢
67,😢
68,😢😢
69,😢
70,😢
71,😢😢
72,😢😢😢😢
73,😢
74,",paz a su Alma."
75,Ese acto de violencia no puede quedar impune. Dios!
76,Que pena 🥺
77,Deben sancionar la empresa y los sospechosos investigarlos bien
78,Que dolor debe sentir esa familia 😢
79,😢😢😢😢😢😢
80,💔💔
81,Que pague el culpable
82,😢😢😢
83,😢
84,😢😢
85,😢😢😢😢😢😢😢😢
86,Omg🙏🙏🙏paz asu alma ke triste🙏💔🙏
87,El tipo tiene que estar ya detenido para investigación
88,😢
89,😢😢
90,Muy lamentable. 🥺
91,Dios mío justicia para esa joven descanso eterno para ella conformidad a sus familias 🙏🏻🙏🏻🥲🥲🥲🥲
92,"Los recuersos humanos en muchas empresas están de adorno, si te quejas te despiden"
93,"Ay Dios, pero que caso tan triste!!! Que Dios muestre los culpables para que su alma pueda descansar en paz!!!"
94,Pobre niña Dios mio
95,😢😢
96,Wow que pena. 😢😢
97,Que lastima pobre Joven espero que encuentren los culpables
98,😢😢
99,😢
100,😢😢😢
101,Oh señor líbranos señor líbranos señor
102,😢😢😢😢
103,Pobre niña tenía ya el estilo de azafata ojalá puedan encontrar al culpable para que pueda descansar en paz y su familia tengan un poco de consuelo 😢
104,Que ese caso no lo engabeten como muchos y se le haga justicia
105,😢😢😢😢
106,Investiguen a fondo para que se haga justicia
107,😢😢😢😢😢😢😢😢
108,😢😢😢😢😢😢
109,Como le tronchan todo sus sueños una joven con toda una vida por delante 😢
110,JUSTICIA!
111,😢😢que dios la tenga en gloria dios mio ya ni trabajando se salva uno ojala y encuentren los culpables
112,"Investiguen, investiguen AUTORIDADES !!"
113,"El que hizo esta barbaridad que le metan 30, porque no hay más en 🇩🇴"
114,😢😢😢😢😢😢
115,Sin palabras 💔💔💔💔💔💔💔
116,❤👏👏👏
117,😢😢😢😢😢
118,😔😔😔😔😔😔😔💔💔
119,😢
120,😢 Wao...ese horario de trabajo es peligroso para mujeres ojalá den con el culpable 😢
121,"😢😢😢 espero que le den seguimiento, como al caso del hijo del doctor bye"
122,❤️
123,😢
124,😢😢😢😢😢😢
125,😢😢😢
126,😢😢
127,😢😢😢
128,😢
129,Que abuso 😡
130,😢😢😢😢😢
131,😢😢
132,😢
133,😢😢
134,Dios mío k pena
135,Dios mío!!! 💔💔
136,Y la foto del acosador para cuando?
137,Dios todo el k setira foto con estas alas muere después 😮ceñol ten misericordia de sus familiares 🙏
138,😢
139,😢😢😢😢
140,😢 cada cosa que leo y veo sobre me duele en el alma 😢
141,Que triste caso
142,Justicia
143,"@juventudrd ,@mininteriorrd , @mmujerrd"
144,😢.
145,Asi es RD
146,😢😢
147,😢
148,😭😭😭😭
149,Oyeme pero y que es lo que está pasando en este pais
150,😢
151,Duele 😢😢😢
152,Que demanden la empresa son lo culpables por no mediar si no lo querían despedir lo podían mandar para otro turno
153,Esperemos que le hagan la prueba de violacjon y al “compañero “ para que el ADM coincida y no titubeen mucho para que le den 20
154,El señor tenga misericordia de él culpable
155,Pura casualidad k las camara de una empresa no funciones eso es mentira están guardando al implicado k pague por lok ISO kitarle la vida a esa pobre muchacha yena de vida y sueños
156,Wow que pena Dios mío😢
157,😢😢
158,Que pena ojalá se le haga justicia paz a su alma
159,Kk cc lo mochen
160,😢😢😢
161,Esperemos justicia ante este y muchos casos mas matando sueños gente buena ala sociedad y les rebatan la vida como si fueran moscas por no ofender
162,Que dolor tiene esa madre Dios mío😢
163,Dios sabe bien lo que ha pasado y crean que la justicia de Dios es justa
164,Muy penoso qué descanse en paz condolencias a sus familiares
165,😢😢😢😢😢
166,😂
167,Que pena mi pobre paula
168,😭😭😭😭
169,Waoooo dios mio asta cuando! Será que las Tanta muertes de mujeres vas ah parar🙌🙌🙌🙌🙌🙌
170,"Me pueden decir lo que sea, pero la empresa está involucrada porque eso está raro lo de las cámaras."
171,😢😢😢
172,😢😢😢
173,😢😢😢😢
174,😢😢
175,"Aqui deberia de existir una institucion que se encargue de poner reglas, normas y estandares para las empresas que decidan poner camaras porque tienen a uno bien jarto cuando suceden casos como estos alegar que laa camaras no funcionan, ya tienen a uno jarto con el mismo cuento,si hubiese sido 1 lapicero de la empresa ahi si estan todas las camaras en uso"
176,😢
177,😢😢😢😢😢😢
178,Padre amado
179,@luisabinader @procuraduriagralrd @aliciaortegah @nuriapiera @ntelemicro5 esto no puede quedar así.
180,"Deben entregar a los implicados a la comunidad inmediatamente se tenga la evidencia necesaria, para que no lo tapen y el implicado sea otro, pero el acosad0r también debe pagar aún no sea el implicado directo, ser entregados a la comunidad y de ahí en adelante se resuelve a la antigua, que todo eso de derechos humanos no sirve para nada y no la protegieron cuando lo pedía, así que el pueblo debe tomar sus propias medidas, con un poco de dinero esos viven su vida felices como reyes"
181,😢😢
182,Dios mio hasta cuando Republica Dominicana?
183,Perderse una vida así 😢
184,😢😢😢
185,Hasta cuando Dios mio 😢
186,Pobre muchacha Dios como lloré y de que manera la mataron
187,💔💔💔💔💔💔
188,"Esto rompe el alma, las personas buenas no reciben apoyo en ningún sitio😢"
189,💔
190,Oh dios mío que pena señor líbranos de todo mal ah nuestros hijos padre santo 🙌
191,😢
192,😢
193,😢😢😢😢
194,😢
195,Queremos justicia🔥🔥🔥❤️❤️❤️
196,Está vez el pueblo no se quedará tranquilo
197,"Wow que lamentable , paz a su alma🙌"
198,"Ahora nadie quiere decir quien la acosaba, nadie sabe nada. 🤬🤬🤬🤬🤬🤬🤬🤬"
199,"Ojalá esté caso no quede impune ,y que la empresa también responda por su de apoyo a la joven."
200,💔💔💔
201,😢😢😢😢😢
202,😢😢
203,Pobre chica😢 que tristeza
204,Esperando que se haga justicia y que esa persona que la acosaba no se quedé como que nada @ramon_tolentino1 @ramontolentino83
205,😢
206,😢
207,Hay ombe que pena 😢
208,😢
209,😢😢😢😢
210,😢😢
211,😢Paz a su alma
212,Da lastima que una persona con sueños por delante se vaya así de manera inesperada
213,"Debería estar presa la persona de recursos humanos, esa niña pidiendo ayuda y ellos negándole atención, si hubiese sido a la hija del dueño que acosan, lo botan y lo trancan"
214,😢😢😢😢
215,Caramba 💔
216,😢
217,😢😢😢
218,"El sueño de su familia, y nosotros 🇩🇴es que la justicia haga su trabajo, y pague, o paguen, los que las mataron."
219,Y nadie sabe nada aún
220,😢
221,😢😢😢
222,"Alguien asesore y les meta una mega demanda a la empresa, al menos que después muerta su familia quede tranquila en lo económico"
223,"Es penoso que un salvaje sin alma le quite la vida a una joven con deseos de echar adelante por una atracción física, de ser así que recaiga todo el.peao de la ley al culpable que cometió ese orrendo crimen."
224,"Yo lo que quiero saber es cuando el gobierno se pondrá los pantalones para poner orden en este país, ya esto de M4t4r, viol4r se a vuelto una costumbre del diario vivir, ya da hasta miedo salir a las calles, porque cualquiera aparece y quiere ultrajarnos"
225,😢
226,😢😢😢
227,😢☹️
228,Justicia divina🙏🏻
229,Que pena y triste lo que le hicieron a esa.muchacha pero Dioa.es.gra de.y poderoso
230,Dios mío 😭
231,😭😖😭
232,😢😢😢😢
233,Que gran pena
234,😢💔😔
235,El que.ll.hizo
236,"@nuriapiera @aliciaortegah @julissacespedes porfavor necesitamos de su ayuda en este caso, ella merece justicia!!!"
237,Tolentino 🙌
238,Cómo se están perdiendo tantas mujeres brillante justicia que no quede impune como muchos casos🙌
239,💔💔💔💔💔
240,"Que pena la muerte de esta chica😢 las autoridades deben presionar a la empresa, para que entreguen las fílmicas, siempre el mismo cuento de que las cámaras dizque no funcionan. También debe ser sancionada la persona de RRHH que no le dió la importancia al reporte de acoso que según dicen, ella había hecho y que todo el peso de la ley recaiga sobre el culpable de ese horrendo hecho. Paz a su alma 🕊️"
241,😢😢😢😢😢
242,😢😢😢
243,Yo espero en dios quien o quirnes la mataron le caiga todo el peso de la ley
244,"Eclesiastés 8:11 Y es que cuando la sentencia para castigar una mala acción no se ejecuta de inmediato, el corazón de los mortales se dispone a seguir actuando mal."
245,Dioz fortáleca la familia
246,😩😭😭😭
247,😢😢😢
248,😢😢😢
249,Esa empresa le sale un demanda
250,Que lío 😢
251,Si fuera un robo a ellos mismo o un jefe de ellos si funcionará.
252,Solamente dió proteges nuestro hijo 😢😢
253,Esto HA DOLIDO. 😢😢😢😢😢😢😢😢😢
254,"Y por un antisocial sin aspiración alguna ,que lo única que deja es pérdidas ala sociedad"
255,Hay ombe 😢
256,Dios mio😢😢 no conocia a esa joven pero que tristeza me da 😢
257,😢😢
258,"Paz a sus restos, voló antes de tiempo . El señor sabe sus cosas espero y su familia tenga conformidad con tan atroz y vil asesinato 😢"
259,Dios mio pobre niña
260,Que pena🙏
261,"Ayy jesus, tanta crueldad entre nosotros mismos Dios Santo. 😢"
262,💔💔
263,Ese caso si que me ha dado duro
264,😢😢😢💔💔
265,Que triste eso
266,😢
267,😢
268,😢😢😢
269,😢😢😢😢😢😢
270,Que Dios la tenga en un buen lugar.🙏🕊🕯✝️
271,😢😢😢
272,💔
273,Dios mío q abuso padre celestial
274,En algunas.empresas ese departamento solo da curso a loa chismes
275,En paz descanse
276,😢😢😢😢😢
277,Dios mio que abuso esto es grande Padre
278,😢😢😢😢😢😢
279,💔
280,😢😢😢😢😢😢😢
281,Dios mío justicia 😭😭😭😭
282,😢😢😢😢😢😢cada vez que miro esas noticia de ella se me rompe el corazon
283,😢😢😢 eso me parte el alma
284,"Duele cuando es pobre y lo que busca es la forma de salir de la pobreza a base de sacrificio y estudio 😔 no pudo lograr su sueños , un infeliz apago esa luz duele el doble 😢"
285,😢😢😢😢😢😢😢
286,"Yo lo dije eso que seguro ella estaba cansada de denunciarlo! Y no entiendo porque nunca mencionan el nombre del susodicho, esa es una información que todos deberíamos saber porque ese lo que es un ps1copata"
287,😢
288,Cuantas tristeza un joven con tanta aspiraciones que se haga justicia y que papa Dios tenga misericordia de sus Familiares Amen 🙏🙏🙏
289,😢😢
290,K pena Dios mío esa niña mira cómo le kitan lavida dios padre ten misericordia
291,Dios padre. Que hagan justicia.
292,.
293,😢
294,😢😢😢
295,Ay Dios 💔
296,😢
297,😢
298,🔥👏
299,Dios mio justicia
300,Wow 😢🙏🏻
301,💔💔💔
302,💔💔💔
303,💔
304,💔💔💔💔💔💔😢😢😢😢😢😢😢😢Dios mío que este crimen no se quede impune
305,Justicia! 😡😡😡
306,😞😞😞😔
307,😢
308,No te preocupes princesa yo cumpliré ese sueño por ti descansa en paz🥹🕊️
309,😢😢😢😢😢
310,Eso parte el alma 🙌🙌 que se haga justicia
311,Paz a su alma
312,😢😢😢😢
313,"Que aparezca el culpable y pague con carcel y economicamente. Nadie tiene derecho a quitarle la vida a nadie. Dios mio que terrible para la familia..🙏,Dios le de Consuelo.🙏"
314,"Así es mi país, hasta que no es un hecho lamentable no toman carta en el asunto ahora quizás lo apresan 😭"
315,Espero quien o quienes hicieron eso a es joven lo agarren y también espero que casos así se pueda implementar la cadena perpetua y la pena de muerte la sociedad ha cambiado mucho la justicia debe actualizar los años de sentencia
316,Dios mioo😢😢😢😢😢
317,😢😢😢😢
318,🙏🏼
319,Dioosss que pena
320,😢😢
321,Justicia que este caso no quede impune como otros.En plena juventud y un sin madre le quita la vida...
322,Justicia 💔
323,El día que pongan la castración y la cárcel como castigo se la van a pensar dos veces antes de cometer estas locuras
324,😢😢😢
325,😢😢😢😢
326,😢😢😢
327,Dios mío 😢😢😢💔💔💔
328,😢
329,😞😔💔
330,😢 Dios mio
331,Dios mío 😢😢😢😢😢
332,💔💔💔💔💔
333,Carse lo que hicieron por dios
334,😢
335,💔
336,😢😢😭😭💔
337,💔💔
338,Solo le pido a Dios que se haga justicia
339,Justicia por Paula
340,Waoo
341,Que pena me ha dado ese caso
342,😢😢😢😢
343,Por qué tienen que suceder ese tipo de crueldad padre amado?
344,😢😢😢
345,Tiene que hacerse justicia no debe de quedar así
346,Dios mio...ten Misericordia ! Que se haga Justicia y condolencias a sus familiares😮😢🙏🕊🙏
347,Jehová y donde está el amor de la gente que matan una persona como si fueron ellos que lo crearon esto es una vaina del mismo diablo ten misericordia wao esto rompe el corazón de la familia
348,😢😢
349,😢 Dios mío QepD justicia para ella
350,Un sueño que no se hará realidad por un RPSV🙃🙃🙃🙃🙃 definitivamente en RD se necesita medida drástica
351,"Yo he notado algo extraño, y es que he visto fotos similares a la de esta chica, personas se toman fotos con alas y luego mueren😦🤔"
352,😢😢💔
353,Dios mío que pena
354,"😢😢😢muy doloroso, todos deberíamos estar frente a esa empresa pidiendo culpables"
355,"Como madre y mujer me uno al dolor de esta familia,pero a vez le pido a la justicia de mi país q este horrendo crimen no que impune 😢🙌"
356,😔🥺😔😔😔😔😔😔
357,Waos que cruel es el mundo 💔🕊️
358,Díos santo 🙏🙏🙏
359,😢😢😢
360,Dios mio 😢
361,😢😢😢😭😭😭😭😭😔😔😔😔
362,Esto parte el alma Dios mío! 💔💔
363,💔
364,JUSTICIA ⚖️
365,Dios mío 💔💔🥺😢😖🫂
366,"Vi que ya la sepultaron, ósea no le hicieron autopsia? Señores los cuerpos muertos hablan por sí solos, son tantas evidencias que pueden encontrar, desde piel debajo de las uñas, semen porque fue violada etc, que se investigue muy a fondo y pague el o los culpables, y pedirle al Eterno Dios que de consolación a los familiares 😇🙏"
367,😢
368,😢😢😢😢
369,😢 pobre niña
370,😢😢
371,Me da un pique nosotros mismos siempre pendiente a otros y kos chime y viviendo vida ajena y este caso mada😢😢😢
372,Orita dicen los jodidos jueses tres meses de coersion
373,"Pero cuando hacen encuestas, a nosotros los dominicanos, lo que nos preocupan son la crisis económica con un 26% el aumento de precios con un 18% y en último lugar la inseguridad ciudadana y todo tipo de violencia. Y eso nunca se expone ante los aspirantes a gobernar. Así nos va"
374,😢😢
375,El recurso humano debe investigarse en esa sona franca porque no tomaron las medidas de lugar en defensa de esta joven 😢😢😢
376,Que tristeza 😢
377,"La empresa que trabajan de noche y hora nocturna, tienen transporte, que paso hay"
378,Esto es una situación que parte el alma una joven con toda una vida por delante y un buen futuro en camino Dios santo cosas como estas jamás deberían suceder pobre madre no existen palabras para consolar esa señora Jesús dale fuerza y fortaleza para que pueda asimilar su pérdida irreparable y paz alma de esa joven 😢
379,😢😢😢😢😢Dios mío ten misericordia de tanta maldad egoísmo en mi país y el mundo tristemente una vida mas
380,"Que impotencia, que Dios haga su justicia."
381,Amén amén amén
382,"Oh Dios que triste esta historia!! Alguien con un corazón muy negro acabo con tus sueños Paula 😢, yo espero que se haga justicia."
383,"Ese tipo que hiso dejaría pagar con la misma moneda , tanta mujeres y degraciao cojele don esa brillante joven Dios mio"
384,Paz a su alma que pena😢😢😢😢
385,"Que pena,una joven con tantos sueños y deseos de superación,que en paz descanse su alma,y consuelo a su familia🙌"
386,"Cuánta tristeza por esa joven, que pena 😔😢"
387,😞😞😞
388,"Justicia. para Ella que Su Muerte no Sea Una,Estadistica yo JosefinaAnt"
389,Dios la tela en la gloria
390,No entiendo realmente por qué las cámaras de la empresa solo funcionan para la empresa no funciona para los empleados que le halla sucedido algún inconveniente en la empresa...pero Dios le dará su justicia divina...una excelente chica trabajadora estudiantes y disciplinada para perder su vida en esta situación Jehová ten misericordia y dale fuerza así familia
391,¿Y por qué aún no se sabe cuál era el dichoso acosador?
392,Cuanta maldad ahí en este mundo 🌎 pero olvidan que allá arriba ahí un Dios que todo lo ve y que la vida es como un restaurante donde nadie se va sin pagar 💰 vuela alto hermosa y descansa en Paz qué papá Dios hará justicia 🙏
393,"💔💔💔💔 No hay palabras para describir este dolor 😭 Justicia por favor 🙏 señor, ayuda a su familia en este lamentable suceso."
394,"Dios, la justicia de mi país no sirve😔💔"
395,"😢 Eso me parte el alma, todas somos paula, descansa en paz. BASTA YA!"
396,"Que se investigue bien ese caso señores, estamos consternados Dios tenga piedad de las gentes de mi país así no puede ser caso inadmisible. Descanse en paz."
397,Qué pena santo Dios
398,Esto no puede quedarse así no 😢 waooo
399,Este caso me causa un dolor 😭. Porque cómo ellas existen muchas jovenes con el mismo deseo de superación y tendrá mucho miedo 😢
400,💔💔😢😢paz asu alma y fortaleza para todos los familiares 😢
401,El ministerio público que realice su trabajo nada de mareo que caiga quien caiga y que realicen pesquisa los actores principales hay se incluyen los de recursos humanos seguridad supervisores y empleados y hasta los ejecutivos eso no se puede quedar así en esas zonas francas hay mucho acoso hacia las mujeres
402,"Justicia para esa joven, que trabaja para estudiar."
403,Dios mio cuánto abusó ten piedad señor Jesús del mundo en que vivimos 👏👏
404,No más Dios mío no más 💜
405,Vuela alto! En el paraíso con Dios. 🙏
406,Y de que manera y aque precio padre amado ❤️😍❤️
407,Este caso me duele en el alma 😢 yo tengo mi princesa de 29 años y la cuido como si fuera una niña demasiada maldad hay en este mundo
408,😢😢😢😢
409,Dios mío no es obligado estar con alguien 🙌 Dios le pueda dar paz a sus familiares 😢
410,😢😢😢Mis condolencias lo siento mucho
411,Es otro caso muy triste y lamentablemente que jóvenes con grandes sueños y esperanza de su familia pierdan la vida de una forma tan trágica y dolorosa
412,"Ahora ni a trabajar se puede...porque si no hay algún acosador? ....si denuncias lo toman como ""relajo"" que país es este"
413,Que pena caramba.😔
414,🤬🤬🤬🤬
415,😢😢😢
416,Dios tenga misericordia de este mudo en el k vivimos con tantas maldad pero dios hara su propia justicias
417,Es alguno con relaciones con empresa y la empresa🙈🙉🙊.. No es claro la actitud de esta empresa!!!! debe ser involucrado algunos de esta empresa???
418,Cielos porque estaba brava para conseguir suo sueño???
419,Necesitamos ayuda de @aliciaortegah @nuriapiera y @ramon_tolentino1
420,💔
421,"Como madre me siento tan triste ante este caso, muerte tan cruel solo por querer realizar el sueño de ser profesional y realizar sus sueños, muerte que no la merece ningún ser humano 😔"
422,🥺🥺
423,🙌
424,No sé pero eso me tiene dudosa creo que este caso tiene mucho cabo suelto esperemos que pronto salga a la luz y se aclare la muerte de esta chica . Hay mucho de que hablar
425,😢😢😢
426,Muy lamentable caso. Esperemos que no quede impune y atrapen a los responsables
427,💔💔💔💔
428,😢😢😢😢
429,Eso parte el alma😢
430,💔😞
431,Ella tenía novio que investiguen a ese tan bien a vese cremos los lejo y es de serca ay que buscar 👀 lo más serca de ella
432,Da pene q la gente seria no pueda vivir en este pais
433,😢😢😢😢😢
434,Dios te ara justicia
435,Una joven llena de sueños le apagaron vida la justicia terrenal fallara pero no la justicia divina esa no falla
436,"Y RRHH ""es un relajo"" mira donde llego el relajo ese... pero nada horita yailin hace algo nuevo y ya eso opacara esta tragedia"
437,Esta volando para el cielo
438,😢😢😢😢 Dios que tristeza 😢😢
439,a los jóvenes tienen que escucharlos y apoyar cuando son jóvenes de valores porque esta sociedad humana está desteriorada y los poco que quedan con valores y a los niños estar muy pero muy pendiente y visitar los entornos donde se mueven yo cuando era hora de que mi hijo estuviera en la casa primero oraba y luego lo buscaba donde quiera y si los demás niños estaban en la calle con el los montaba al carro y los llevaba a dormir para sus casas para evitar la consecuencia fatal
440,"Y van a exprimir a la pobre muchacha hasta más no poder, porque creen que subir una foto de ella a cada rato y decir algo es hacer noticia o le hace alguna justicia. ¿Dónde es que estos estudiaron Comunicación Social?"
441,"Wao que pena, esperemos en Dios para q"
442,Hi ablan
443,Rapido😂😂
444,"La empresa es tan responsable en este caso como el o los criminales que hicieron esto, el acoso sexual y laboral esta penado por la Ley si ella lo denunció porque Recursos humanos no hizo nada para ayudar a esta pobre mujer...un ser humano útil a la sociedad hoy estos demonios le quitaron la vida sin remordimientos alguno"
445,"Oh Jehova, misericordia! Paz a su alma"
446,Dios mío padre amado aya en el país le hacen más caso al que tiene dinero 💰 artists 🧑‍🎨 para sacarle millones meten presos a personas por@anais pero este caso no hicieron nada 👎 que pena 😳 da eso tan joven y llena d vida waoooo 😮😮😮😮😮😮
447,"Dios que pena, que Dios nos proteja."
448,😢
449,😔😔
450,😢😢😢😢
451,👏👏👏🙌🙌👏👏👏🙌🙌
452,😥
453,Ocultado por Instagram
454,LOS DOMINICANOS NOS ESTAMOS PONIENDO LOCO 😮😮😮
455,Dios tenga misericordia de este mundo
456,Si supuestamente ella le había notificado a rrhh de que el.joven la obstugaba .. a mi entender hay dos culpable hasta el momento la empresa y el responsable del hecho .. . Es una caso muy penoso el de esa joven ..
457,Esto cada vez más se pone peor.
458,"Pero todo viene de la podredumbre Clase Política Dominicana, sí, de esa política que se expresa también en los diferentes poderes del Estado. Y exclusivamente Los legislativos (Cámara de Diputados y Senadores) ellos son los que alimentan seleccionando y haciendo leyes corrompidas de antemano y seleccionan los representantes judiciales de antemano premeditado, pero todo esta degeneración política viene del poder número uno, que es la oligarquía criolla y asociada de los grandes capitales internacionales que dirige el Imperio Norteamericano de EEUU."
459,"Para la clase dominante, que es quienes nos gobiernan, es más que fundamental y que por eso trabajan para que la sociedad degenere hasta tal punto que nosotros los de abajo nos matemos uno con otro."
460,"Esto es en lo que, los de arriba quieren, como etapa final para seguir acumulando riqueza a través del sufrimiento del pueblo Dominicano."
461,"No quería dejar de renombrar que la Justicia es diseñada a anchura y deseo de la Burguesía Dominicana, son quienes tienen y controlan el poder en nuestra patria de Duarte. 🇩🇴🇩🇴🇩🇴🇩🇴🇩🇴🇩🇴🇩🇴🇩🇴🇩🇴🇩🇴🇩🇴🇩🇴🇩🇴🇩🇴🇩🇴🇩🇴🇩🇴🇩🇴🇩🇴🇩🇴🇩🇴🇩🇴🇩🇴🇩🇴🇩🇴🇩🇴🇩🇴🇩🇴🇩🇴🇩🇴🇩🇴🇩🇴🇩🇴🇩🇴🇩🇴🇩🇴🇩🇴🇩🇴🇩🇴🇩🇴🇩🇴🇩🇴🇩🇴🇩🇴🇩🇴🇩🇴🇩🇴🇩🇴🇩🇴🇩🇴🇩🇴🇩🇴🇩🇴"
462,Dios libre 🙌 esto es una lotería hoy lee uno la noticia de otros y mañana puede ser uno 😢
463,Que maldito pique vale no puedo seguir viendo estas publicaciones porque mi mente va a estallar de tanto coraje que tengo que hijo de su mal…. Dios mío. Baja ya
464,Waoooo dios mio que dolor😢😭 cñ ojala y paguen ese o esos hijo del dblo
465,"Pero si fue violada como dice la noticia y yo creo que si , que fue violada , los peritos de inacif pueden saber quién fue o quiénes la tecnología está muy avanzada y seguro que algún rastro dejó el violador y asesino, que no quede en el olvido este caso"
466,Maldito sea 1000 veces 😔
467,Dios mio! Como hay personas tnaa crueles en este mundo.. Capaz de hacer tanto daño.
468,Cuando vamos a aplicar la pena de muerte en RD!!
469,Esperamos se haga justicia y la investigación forence revela más del 50%de las evidencias. Y el ADN de su vagina .y todo ese entorno de los sospechosos. Esperamos los asesi. Nos y viola dores estén preso y con 30ad de carcel
470,Basura de pais igual que toda la prensa de amarillista mediocre que ganan con publicar esto si lo que se queria era evitar una tragedia como esta no después de que sucediera este crimen anden publicando lo que ella queria hacer con su vida
471,Porque no hay nombre o foto de este monstruo? Justicia para esta joven .
472,"Que impotencia Dios mio, uno sale a trabajar y se encuentra un azaros*** que le desgracia la vida. Ni con la muerte ese malhechor paga eso"
473,Yo quisiera que aparezca un loco así acosando una hija ni para que tú veas… así mismo un día no aparece más 🔥
474,Hooo dios k pena cuantas gentes malvadas 😮
475,😢😢 sabra Dios que enfermo le quito la vida a ese angelito
476,Dios tenga misericordia de este mundo
477,"@ramon_tolentino1 @procuraduriagralrd @presidenciard @nuriapiera @aliciaortegah @rcavada @telemicrohd @elshowdelmediodia necesitamos se lleguen a las últimas consecuencias de este caso aun sean personas de escasos recursos que se llegue hasta encontrar esa rata 🐀 , no fue un perrito que mato"
478,Ay Dios mío se da pena y yo te voy a decir algo con el cancelar a una persona eso no va a estar cuando tú le quita la vida otra gente eso no se paga con nada ni con la misma muerte
479,"Ahora nos darán lo de esa joven por un tubo y 7 llaves igual que las otras como por ejemplo del caso de Emely Peguero, la joven esmeralda Riches y muchas más, eso pudo haberse evitado pero en este país a las mujeres no les ponen atención al 100% y entonces cuando pasa lo grave todo el mundo se lamenta incluso personas que pudieron evitar esa desgracia. Ayude si usted ve algo similar y no deje que lo malo pase, tenga empatía y amor al prójimo que este jodido planeta está podrido por las personas malas.😢"
480,Wao muy muy lamentable deberían implementar la.pena de m... Y cadena perpetúa
481,esos malditos acosadores que andan y nadie le pone asunto apagaron una estrella
482,"Me parece que el involucrado tiene que ser un pez gordo porque si fuera un empobrentado hace tiempo que estuviera circulando el video, la foto, y hasta mensaje y nota de voz de WhatsApp, ya enterraron a la chica y no se ha dicho nada nuevo."
483,"Que pena para esa familia ojalá no se quede esa muerte impune,Dios le de fortaleza a sus familiares para tan terrible pérdida 😢"
484,"R.D. tierra de psicópatas que lo que no consiguen por las buenas lo planifican por las malas Paula no es la primera y como ya podría en mayoría la sociedad no será la última, Jesucristo ven pronto."
485,"La familia que encuentre un buen abogado y le hagan su demanda a la empresa por negligente que son e inhumanos, cuando ella se quejó del acoso en Recursos humanos no actuaron a su favor.??? Las personas que trabajan en recursos humanos saben todo que hablen, abusadores."
486,"Me quitaron la vida, me la arrebataron, triste aquel día, que el sol se apagó. Cuantos sueños apagados por seres egoístas con un corazón negro 🖤 y podrido"
487,Señor ten misericordia
488,Aquí se acabarán las violaciones cuando le c o r t e n el p e n e a los violadores 😢
489,Dios mío que penoso 😢
490,EL ACOSO LABORAL ES REAL
491,"La empresa, la prensa, los compañeros que sabían, todos son unos rastreros, pudieron ayudarla y no lo hicieron, se quejó en recursos humanos y como siempre siendo recuerdos humanos, ineficientes. Eso da lástima."
492,Asecinos así tienen que darles la injeccion letal si no ponemos control ahora mañana será muy tarde paz a los restos de esa joven
493,"Coñooooo que impotencia me ha dado ese caso, la empresa donde trabajaba es civilmente responsable de esta desgracia 😡"
494,Dios mío sólo me queda orientar a mi hijo que por necesidad no tolere maltratos ya bastante hambre se ha pasado para llevarlo a ese nivel para que el por un empleito Melo maten o lo envíen de mula a llevar drogas o a lavar dinero porque son cosas que están pasando en este país Dios me libre y me ayude a seguir orientando a mi hijo por el mejor camino 😔que no siempre es el ser sumiso y aguantar acoso u atropello en un empleito
495,Lo malo de este país que orita suertan.ese hijo de madre
496,"Esa muchacha faja trabajando y pagándose su carrera que bastante cara es, y viene un bueno para nada a matarla!"
497,Hay Dios mío que dolor
498,"Yo solo digo que eso está bien turbio, alguien está cubriendo, la tal supervisora no me convence, todo está muy raro, disque que no hay cámara…. JABLADOREEEE"
499,Y la justicia de aquí es una basura con un régimen de consecuencia blandito y favorable para los delincuentes…
